{"train_loss_mean": [1.4301153671741487, 1.2577755970954896], "train_loss_std": [0.13818272698696107, 0.12240843665584435], "train_accuracy_mean": [0.39957333374023435, 0.48772000086307526], "train_accuracy_std": [0.07293586375343056, 0.06581490456358594], "train_loss_importance_vector_0_mean": [0.20000000298023224, 0.18666666746139526], "train_loss_importance_vector_0_std": [0.0, 0.0], "train_loss_importance_vector_1_mean": [0.20000000298023224, 0.18666666746139526], "train_loss_importance_vector_1_std": [0.0, 0.0], "train_loss_importance_vector_2_mean": [0.20000000298023224, 0.18666666746139526], "train_loss_importance_vector_2_std": [0.0, 0.0], "train_loss_importance_vector_3_mean": [0.20000000298023224, 0.18666666746139526], "train_loss_importance_vector_3_std": [0.0, 0.0], "train_loss_importance_vector_4_mean": [0.20000000298023224, 0.25333333015441895], "train_loss_importance_vector_4_std": [0.0, 0.0], "train_learning_rate_mean": [0.0010000000000000005, 0.0010000000000000005], "train_learning_rate_std": [4.336808689942018e-19, 4.336808689942018e-19], "val_loss_mean": [1.3551096840699515, 1.2251525686184566], "val_loss_std": [0.08905009766604434, 0.09879462867848617], "val_accuracy_mean": [0.4354888900121053, 0.5074444445967674], "val_accuracy_std": [0.057500578639350486, 0.0599838459072087], "val_loss_importance_vector_0_mean": [0.20000000298023224, 0.18666666746139526], "val_loss_importance_vector_0_std": [0.0, 0.0], "val_loss_importance_vector_1_mean": [0.20000000298023224, 0.18666666746139526], "val_loss_importance_vector_1_std": [0.0, 0.0], "val_loss_importance_vector_2_mean": [0.20000000298023224, 0.18666666746139526], "val_loss_importance_vector_2_std": [0.0, 0.0], "val_loss_importance_vector_3_mean": [0.20000000298023224, 0.18666666746139526], "val_loss_importance_vector_3_std": [0.0, 0.0], "val_loss_importance_vector_4_mean": [0.20000000298023224, 0.25333333015441895], "val_loss_importance_vector_4_std": [0.0, 0.0]}