train_loss_mean,train_loss_std,train_accuracy_mean,train_accuracy_std,train_loss_importance_vector_0_mean,train_loss_importance_vector_0_std,train_loss_importance_vector_1_mean,train_loss_importance_vector_1_std,train_loss_importance_vector_2_mean,train_loss_importance_vector_2_std,train_loss_importance_vector_3_mean,train_loss_importance_vector_3_std,train_loss_importance_vector_4_mean,train_loss_importance_vector_4_std,train_learning_rate_mean,train_learning_rate_std,val_loss_mean,val_loss_std,val_accuracy_mean,val_accuracy_std,val_loss_importance_vector_0_mean,val_loss_importance_vector_0_std,val_loss_importance_vector_1_mean,val_loss_importance_vector_1_std,val_loss_importance_vector_2_mean,val_loss_importance_vector_2_std,val_loss_importance_vector_3_mean,val_loss_importance_vector_3_std,val_loss_importance_vector_4_mean,val_loss_importance_vector_4_std,epoch,epoch_run_time
1.4301153671741487,0.13818272698696107,0.39957333374023435,0.07293586375343056,0.20000000298023224,0.0,0.20000000298023224,0.0,0.20000000298023224,0.0,0.20000000298023224,0.0,0.20000000298023224,0.0,0.0010000000000000005,4.336808689942018e-19,1.3551096840699515,0.08905009766604434,0.4354888900121053,0.057500578639350486,0.20000000298023224,0.0,0.20000000298023224,0.0,0.20000000298023224,0.0,0.20000000298023224,0.0,0.20000000298023224,0.0,1,114.34288287162781
1.2577755970954896,0.12240843665584435,0.48772000086307526,0.06581490456358594,0.18666666746139526,0.0,0.18666666746139526,0.0,0.18666666746139526,0.0,0.18666666746139526,0.0,0.25333333015441895,0.0,0.0010000000000000005,4.336808689942018e-19,1.2251525686184566,0.09879462867848617,0.5074444445967674,0.0599838459072087,0.18666666746139526,0.0,0.18666666746139526,0.0,0.18666666746139526,0.0,0.18666666746139526,0.0,0.25333333015441895,0.0,2,127.80775570869446
