test_accuracy_mean,test_accuracy_std
0.6532222222222223,0.47594427259636607
